system,target,hb_ldon,hb_pdon,hbonds_total,salt_bridges,water_bridges,hydrophobic,pi_stacking,pi_cation
bace_CAT-13a,bace,0,0,0,2,0,3,0,0
bace_CAT-13c,bace,0,0,0,2,0,4,0,0
bace_CAT-13i,bace,1,1,2,2,0,3,0,0
bace_CAT-17a,bace,0,1,1,2,0,3,0,0
bace_CAT-17c,bace,1,0,1,2,0,4,0,0
bace_CAT-17g,bace,0,0,0,2,0,4,0,0
bace_CAT-17i,bace,1,1,2,2,0,3,0,0
bace_CAT-24,bace,0,1,1,2,0,4,0,0
bace_CAT-4a,bace,0,1,1,2,0,5,0,0
bace_CAT-4c,bace,0,1,1,2,0,4,0,0
bace_CAT-4l,bace,0,1,1,2,0,3,0,0
bace_CAT-4m,bace,0,1,1,2,0,3,0,0
cdk2_1h1q,cdk2,2,1,3,0,0,2,0,0
cdk2_1h1s,cdk2,3,3,6,0,0,4,0,0
cdk2_1oi9,cdk2,2,2,4,0,0,3,0,0
cdk2_1oiu,cdk2,3,1,4,0,0,3,0,0
cdk2_1oiy,cdk2,3,2,5,0,0,3,0,0
cdk2_20,cdk2,3,1,4,0,0,3,0,0
cdk2_21,cdk2,2,2,4,0,0,2,0,0
cdk2_22,cdk2,2,1,3,0,0,3,0,0
cdk2_26,cdk2,2,2,4,0,0,3,0,0
cdk2_28,cdk2,3,3,6,0,0,4,0,0
cdk2_30,cdk2,2,1,3,1,0,4,0,0
cdk2_32,cdk2,3,3,6,0,0,3,0,0
cdk8_17-flipped,cdk8,1,4,5,0,0,8,0,1
cdk8_19,cdk8,1,2,3,0,0,8,1,1
cdk8_26,cdk8,1,2,3,0,0,12,1,1
cdk8_27,cdk8,2,2,4,0,1,9,1,1
cdk8_30,cdk8,1,2,3,0,0,9,1,1
cdk8_31,cdk8,2,2,4,0,0,8,1,1
cdk8_34,cdk8,1,2,3,0,0,8,1,1
cdk8_35,cdk8,1,2,3,0,0,9,1,1
cdk8_36,cdk8,1,2,3,0,0,9,1,1
cdk8_41,cdk8,1,2,3,0,0,9,1,1
cdk8_42-flipped,cdk8,1,4,5,0,0,9,0,1
cdk8_45-flipped,cdk8,1,4,5,0,1,9,0,1
cmet_CHEMBL3402741_400,cmet,0,4,4,0,1,6,0,0
cmet_CHEMBL3402742_23,cmet,0,3,3,0,1,6,0,0
cmet_CHEMBL3402744_300,cmet,0,3,3,0,1,7,1,0
cmet_CHEMBL3402747_3400,cmet,0,3,3,0,0,9,1,0
cmet_CHEMBL3402748_5300,cmet,0,2,2,0,0,9,1,0
cmet_CHEMBL3402752_30000,cmet,0,3,3,0,0,9,1,0
cmet_CHEMBL3402754_40,cmet,0,3,3,0,0,10,1,0
cmet_CHEMBL3402758_10-redocked,cmet,0,2,2,0,0,12,0,0
cmet_CHEMBL3402760_1-redocked,cmet,0,2,2,0,2,12,0,0
cmet_CHEMBL3402762_1-redocked,cmet,0,2,2,0,2,12,0,0
cmet_CHEMBL3402763_90,cmet,0,3,3,0,1,7,1,0
cmet_CHEMBL3402764_90,cmet,0,3,3,0,1,6,1,0
eg5_CHEMBL1078691,eg5,2,1,3,0,0,11,0,0
eg5_CHEMBL1078998,eg5,1,0,1,0,0,10,0,0
eg5_CHEMBL1083517,eg5,2,1,3,0,0,9,0,0
eg5_CHEMBL1084115,eg5,1,0,1,0,0,8,0,0
eg5_CHEMBL1084431,eg5,2,1,3,0,0,10,0,0
eg5_CHEMBL1084676,eg5,2,0,2,0,0,9,0,0
eg5_CHEMBL1084677,eg5,2,0,2,0,0,9,0,0
eg5_CHEMBL1085692,eg5,1,0,1,0,0,10,0,0
eg5_CHEMBL1085895,eg5,2,0,2,0,0,9,0,0
eg5_CHEMBL1086410,eg5,1,0,1,0,0,12,0,0
eg5_CHEMBL1088740,eg5,1,0,1,0,0,10,0,0
eg5_CHEMBL1089393,eg5,1,0,1,0,0,9,0,0
hif2a_1,hif2a,1,0,1,0,0,5,0,0
hif2a_15,hif2a,1,0,1,0,0,5,0,0
hif2a_155,hif2a,1,0,1,0,0,6,0,0
hif2a_163,hif2a,1,0,1,0,0,5,0,0
hif2a_165,hif2a,1,0,1,0,0,5,0,0
hif2a_167,hif2a,1,0,1,0,0,5,0,0
hif2a_206,hif2a,1,0,1,0,0,5,0,0
hif2a_231,hif2a,1,0,1,0,0,6,0,0
hif2a_237,hif2a,1,0,1,0,0,5,0,0
hif2a_25,hif2a,1,0,1,0,0,2,0,0
hif2a_336,hif2a,1,1,2,0,1,5,1,0
hif2a_61,hif2a,1,0,1,0,0,5,0,0
hsp90_10,hsp90,1,0,1,1,5,5,0,0
hsp90_11,hsp90,1,0,1,1,9,3,0,0
hsp90_12,hsp90,1,0,1,1,8,5,0,0
hsp90_15,hsp90,1,0,1,1,8,5,3,0
hsp90_16,hsp90,1,0,1,1,8,4,1,0
hsp90_17,hsp90,1,0,1,1,9,4,1,0
hsp90_18,hsp90,1,0,1,1,8,7,3,0
hsp90_19,hsp90,1,0,1,1,9,4,1,0
hsp90_2,hsp90,1,0,1,1,5,3,0,0
hsp90_3,hsp90,1,0,1,1,5,5,0,0
hsp90_8,hsp90,1,0,1,1,9,3,0,0
hsp90_9,hsp90,1,0,1,1,5,3,0,0
jak2_10,jak2,2,1,3,0,0,6,0,0
jak2_12,jak2,3,1,4,0,2,8,0,0
jak2_13_3E64,jak2,3,2,5,0,0,7,0,0
jak2_18,jak2,2,1,3,0,0,8,0,0
jak2_1_3E62,jak2,2,1,3,0,0,3,0,0
jak2_20,jak2,3,2,5,0,0,6,0,0
jak2_21,jak2,3,2,5,0,2,9,0,0
jak2_4a,jak2,3,1,4,0,0,5,0,0
jak2_6,jak2,2,1,3,0,0,7,0,0
jak2_7,jak2,2,1,3,0,0,5,0,0
jak2_8,jak2,2,1,3,0,0,3,0,0
jak2_9,jak2,2,1,3,0,0,4,0,0
jnk1_17124-1,jnk1,1,1,2,0,0,5,0,0
jnk1_18627-1,jnk1,1,1,2,0,0,5,0,0
jnk1_18628-1_flip,jnk1,1,1,2,0,0,6,0,0
jnk1_18629-1,jnk1,1,1,2,0,0,5,0,0
jnk1_18630-1,jnk1,1,1,2,0,0,5,0,0
jnk1_18631-1,jnk1,1,1,2,0,0,6,0,0
jnk1_18633-1,jnk1,1,1,2,0,0,5,0,0
jnk1_18636-1,jnk1,1,1,2,0,0,6,0,0
jnk1_18637-1,jnk1,1,1,2,0,0,5,0,0
jnk1_18638-1,jnk1,1,1,2,0,0,3,0,0
jnk1_18639-1,jnk1,1,1,2,0,0,5,0,0
jnk1_18658-1,jnk1,2,2,4,0,0,5,0,0
liga_10,liga,1,1,2,0,1,1,1,0
liga_11,liga,1,2,3,0,2,5,1,0
liga_12,liga,1,2,3,0,5,4,1,0
liga_13,liga,1,2,3,0,7,5,1,0
liga_3,liga,1,1,2,0,4,0,1,0
liga_4,liga,1,1,2,0,1,1,1,0
liga_5,liga,1,1,2,0,1,1,1,0
liga_6,liga,1,1,2,0,2,1,1,0
liga_7,liga,1,1,2,0,1,1,1,0
liga_8,liga,1,1,2,0,1,2,1,0
liga_9,liga,1,1,2,0,1,2,1,0
mcl1_13-flipped,mcl1,0,0,0,1,0,5,0,0
mcl1_33,mcl1,0,0,0,1,0,7,2,0
mcl1_34,mcl1,0,0,0,1,0,7,2,0
mcl1_44,mcl1,0,0,0,1,0,10,3,0
mcl1_49,mcl1,0,0,0,1,0,6,2,0
mcl1_50,mcl1,0,0,0,1,0,8,1,0
mcl1_51,mcl1,0,0,0,1,0,8,3,0
mcl1_53,mcl1,0,0,0,1,0,8,2,0
mcl1_56,mcl1,0,0,0,1,0,9,2,0
mcl1_58,mcl1,0,0,0,1,0,8,2,0
mcl1_61,mcl1,0,0,0,1,0,7,2,0
mcl1_8,mcl1,0,0,0,1,0,6,0,0
mup1_ET,mup1,0,0,0,0,0,0,0,0
mup1_IBT,mup1,0,0,0,0,0,3,0,0
mup1_IPT,mup1,0,0,0,0,0,1,0,0
mup1_MT,mup1,0,0,0,0,0,0,0,0
mup1_PT,mup1,0,0,0,0,0,1,0,0
mup1_SBT_S,mup1,0,0,0,0,0,3,0,0
p38_1_1W7H,p38,1,1,2,0,0,4,1,0
p38_2e,p38,1,1,2,0,2,7,0,0
p38_2f,p38,1,1,2,0,2,6,0,0
p38_2h,p38,1,1,2,0,2,6,0,0
p38_2k,p38,1,1,2,0,3,6,0,0
p38_2p,p38,1,1,2,0,4,6,0,0
p38_2r,p38,2,1,3,0,3,6,0,0
p38_2s,p38,1,2,3,0,5,7,0,0
p38_2v,p38,1,1,2,0,2,6,0,0
p38_2y,p38,1,1,2,0,2,6,0,0
p38_3flq,p38,1,1,2,0,2,7,0,0
p38_3flz,p38,1,1,2,0,2,7,0,0
t4lys_benzene,t4lys,0,0,0,0,0,8,0,0
t4lys_butyl-benzene,t4lys,0,0,0,0,0,12,0,0
t4lys_ethyl-benzene,t4lys,0,0,0,0,0,9,0,0
t4lys_isobutyl-benzene,t4lys,0,0,0,0,0,11,0,0
t4lys_m-xylene,t4lys,0,0,0,0,0,9,0,0
t4lys_meta-methyl-ethyl-benzene,t4lys,0,0,0,0,0,10,0,0
t4lys_methyl-benzene,t4lys,0,0,0,0,0,8,0,0
t4lys_o-xylene,t4lys,0,0,0,0,0,9,0,0
t4lys_ortho-methyl-ethyl-benzene,t4lys,0,0,0,0,0,10,0,0
t4lys_p-xylene,t4lys,0,0,0,0,0,9,0,0
t4lys_para-methyl-ethyl-benzene,t4lys,0,0,0,0,0,10,0,0
t4lys_propyl-benzene,t4lys,0,0,0,0,0,10,0,0
thrombin_1a,thrombin,2,1,3,0,0,5,0,0
thrombin_1b,thrombin,2,1,3,0,0,6,0,0
thrombin_1c,thrombin,2,1,3,0,0,6,0,0
thrombin_1d,thrombin,2,1,3,0,0,6,0,0
thrombin_3a,thrombin,2,1,3,0,0,6,0,0
thrombin_3b,thrombin,2,1,3,0,0,5,0,0
thrombin_5,thrombin,2,1,3,0,0,6,0,0
thrombin_6a,thrombin,2,1,3,0,0,6,0,0
thrombin_6b,thrombin,2,1,3,0,0,6,0,0
thrombin_6e,thrombin,2,1,3,0,0,6,0,0
thrombin_7a,thrombin,2,1,3,0,0,6,0,0
